protocol,model,model_label,threshold_idr,cost_ratio_false_safe,event_count,true_exceed_rate,false_safe_rate,false_unsafe_rate,expected_loss,beta_false_safe_cons,false_safe_ci95_hi,false_unsafe_rate_rel,eligible,fallback_workload
event-disjoint target,hgb_direct,HGB direct,0.005,1,8,0.0677083333333333,0.0008401268115942,0.0651517210144927,0.0659918478260869,2.912766163981789,0.0017912137681159,0.0651517210144927,True,0.1320199275362318
event-disjoint target,hgb_direct,HGB direct,0.005,2,8,0.0677083333333333,0.0008401268115942,0.0651517210144927,0.0668319746376811,2.912766163981789,0.0017912137681159,0.0651517210144927,True,0.1320199275362318
event-disjoint target,hgb_direct,HGB direct,0.005,5,8,0.0677083333333333,0.0008401268115942,0.0651517210144927,0.0693523550724637,2.912766163981789,0.0017912137681159,0.0651517210144927,True,0.1320199275362318
event-disjoint target,hgb_direct,HGB direct,0.005,10,8,0.0677083333333333,0.0008401268115942,0.0651517210144927,0.0735529891304347,2.912766163981789,0.0017912137681159,0.0651517210144927,True,0.1320199275362318
event-disjoint target,hgb_direct,HGB direct,0.005,25,8,0.0677083333333333,0.0008401268115942,0.0651517210144927,0.0861548913043478,2.912766163981789,0.0017912137681159,0.0651517210144927,True,0.1320199275362318
event-disjoint target,hgb_direct,HGB direct,0.005,50,8,0.0677083333333333,0.0008401268115942,0.0651517210144927,0.1071580615942029,2.912766163981789,0.0017912137681159,0.0651517210144927,True,0.1320199275362318
event-disjoint target,hgb_direct,HGB direct,0.005,100,8,0.0677083333333333,0.0008401268115942,0.0651517210144927,0.149164402173913,2.912766163981789,0.0017912137681159,0.0651517210144927,True,0.1320199275362318
event-disjoint target,hgb_direct,HGB direct,0.0075,1,8,0.0354959239130434,0.0012516983695652,0.034455955615942,0.0357076539855072,2.794843663109144,0.0025962409420289,0.034455955615942,True,0.0687001811594202
event-disjoint target,hgb_direct,HGB direct,0.0075,2,8,0.0354959239130434,0.0012516983695652,0.034455955615942,0.0369593523550724,2.794843663109144,0.0025962409420289,0.034455955615942,True,0.0687001811594202
event-disjoint target,hgb_direct,HGB direct,0.0075,5,8,0.0354959239130434,0.0012516983695652,0.034455955615942,0.0407144474637681,2.794843663109144,0.0025962409420289,0.034455955615942,True,0.0687001811594202
event-disjoint target,hgb_direct,HGB direct,0.0075,10,8,0.0354959239130434,0.0012516983695652,0.034455955615942,0.0469729393115942,2.794843663109144,0.0025962409420289,0.034455955615942,True,0.0687001811594202
event-disjoint target,hgb_direct,HGB direct,0.0075,25,8,0.0354959239130434,0.0012516983695652,0.034455955615942,0.0657484148550724,2.794843663109144,0.0025962409420289,0.034455955615942,True,0.0687001811594202
event-disjoint target,hgb_direct,HGB direct,0.0075,50,8,0.0354959239130434,0.0012516983695652,0.034455955615942,0.0970408740942029,2.794843663109144,0.0025962409420289,0.034455955615942,True,0.0687001811594202
event-disjoint target,hgb_direct,HGB direct,0.0075,100,8,0.0354959239130434,0.0012516983695652,0.034455955615942,0.1596257925724637,2.794843663109144,0.0025962409420289,0.034455955615942,True,0.0687001811594202
event-disjoint target,hgb_direct,HGB direct,0.01,1,8,0.0178442028985507,0.003286911231884,0.019440670289855,0.0227275815217391,2.4312134366264053,0.0075241734601449,0.019440670289855,False,0.0339979619565217
event-disjoint target,hgb_direct,HGB direct,0.01,2,8,0.0178442028985507,0.003286911231884,0.019440670289855,0.0260144927536231,2.4312134366264053,0.0075241734601449,0.019440670289855,False,0.0339979619565217
event-disjoint target,hgb_direct,HGB direct,0.01,5,8,0.0178442028985507,0.003286911231884,0.019440670289855,0.0358752264492753,2.4312134366264053,0.0075241734601449,0.019440670289855,False,0.0339979619565217
event-disjoint target,hgb_direct,HGB direct,0.01,10,8,0.0178442028985507,0.003286911231884,0.019440670289855,0.0523097826086956,2.4312134366264053,0.0075241734601449,0.019440670289855,False,0.0339979619565217
event-disjoint target,hgb_direct,HGB direct,0.01,25,8,0.0178442028985507,0.003286911231884,0.019440670289855,0.1016134510869565,2.4312134366264053,0.0075241734601449,0.019440670289855,False,0.0339979619565217
event-disjoint target,hgb_direct,HGB direct,0.01,50,8,0.0178442028985507,0.003286911231884,0.019440670289855,0.1837862318840579,2.4312134366264053,0.0075241734601449,0.019440670289855,False,0.0339979619565217
event-disjoint target,hgb_direct,HGB direct,0.01,100,8,0.0178442028985507,0.003286911231884,0.019440670289855,0.3481317934782609,2.4312134366264053,0.0075241734601449,0.019440670289855,False,0.0339979619565217
event-disjoint target,hgb_direct,HGB direct,0.015,1,8,0.0029211956521739,0.0011328125,0.0152485280797101,0.0163813405797101,2.7526526308336816,0.0029557291666666,0.0152485280797101,True,0.017036911231884
event-disjoint target,hgb_direct,HGB direct,0.015,2,8,0.0029211956521739,0.0011328125,0.0152485280797101,0.0175141530797101,2.7526526308336816,0.0029557291666666,0.0152485280797101,True,0.017036911231884
event-disjoint target,hgb_direct,HGB direct,0.015,5,8,0.0029211956521739,0.0011328125,0.0152485280797101,0.0209125905797101,2.7526526308336816,0.0029557291666666,0.0152485280797101,True,0.017036911231884
event-disjoint target,hgb_direct,HGB direct,0.015,10,8,0.0029211956521739,0.0011328125,0.0152485280797101,0.0265766530797101,2.7526526308336816,0.0029557291666666,0.0152485280797101,True,0.017036911231884
event-disjoint target,hgb_direct,HGB direct,0.015,25,8,0.0029211956521739,0.0011328125,0.0152485280797101,0.0435688405797101,2.7526526308336816,0.0029557291666666,0.0152485280797101,True,0.017036911231884
event-disjoint target,hgb_direct,HGB direct,0.015,50,8,0.0029211956521739,0.0011328125,0.0152485280797101,0.0718891530797101,2.7526526308336816,0.0029557291666666,0.0152485280797101,True,0.017036911231884
event-disjoint target,hgb_direct,HGB direct,0.015,100,8,0.0029211956521739,0.0011328125,0.0152485280797101,0.1285297780797101,2.7526526308336816,0.0029557291666666,0.0152485280797101,True,0.017036911231884
event-disjoint target,hgb_direct,HGB direct,0.02,1,8,0.0,0.0,0.0094429347826086,0.0094429347826086,4.753424308822899,0.0,0.0094429347826086,True,0.0094429347826086
event-disjoint target,hgb_direct,HGB direct,0.02,2,8,0.0,0.0,0.0094429347826086,0.0094429347826086,4.753424308822899,0.0,0.0094429347826086,True,0.0094429347826086
event-disjoint target,hgb_direct,HGB direct,0.02,5,8,0.0,0.0,0.0094429347826086,0.0094429347826086,4.753424308822899,0.0,0.0094429347826086,True,0.0094429347826086
event-disjoint target,hgb_direct,HGB direct,0.02,10,8,0.0,0.0,0.0094429347826086,0.0094429347826086,4.753424308822899,0.0,0.0094429347826086,True,0.0094429347826086
event-disjoint target,hgb_direct,HGB direct,0.02,25,8,0.0,0.0,0.0094429347826086,0.0094429347826086,4.753424308822899,0.0,0.0094429347826086,True,0.0094429347826086
event-disjoint target,hgb_direct,HGB direct,0.02,50,8,0.0,0.0,0.0094429347826086,0.0094429347826086,4.753424308822899,0.0,0.0094429347826086,True,0.0094429347826086
event-disjoint target,hgb_direct,HGB direct,0.02,100,8,0.0,0.0,0.0094429347826086,0.0094429347826086,4.753424308822899,0.0,0.0094429347826086,True,0.0094429347826086
event-disjoint target,hgb_direct,HGB direct,0.03,1,8,0.0,0.0,0.0008152173913043,0.0008152173913043,4.753424308822899,0.0,0.0008152173913043,True,0.0008152173913043
event-disjoint target,hgb_direct,HGB direct,0.03,2,8,0.0,0.0,0.0008152173913043,0.0008152173913043,4.753424308822899,0.0,0.0008152173913043,True,0.0008152173913043
event-disjoint target,hgb_direct,HGB direct,0.03,5,8,0.0,0.0,0.0008152173913043,0.0008152173913043,4.753424308822899,0.0,0.0008152173913043,True,0.0008152173913043
event-disjoint target,hgb_direct,HGB direct,0.03,10,8,0.0,0.0,0.0008152173913043,0.0008152173913043,4.753424308822899,0.0,0.0008152173913043,True,0.0008152173913043
event-disjoint target,hgb_direct,HGB direct,0.03,25,8,0.0,0.0,0.0008152173913043,0.0008152173913043,4.753424308822899,0.0,0.0008152173913043,True,0.0008152173913043
event-disjoint target,hgb_direct,HGB direct,0.03,50,8,0.0,0.0,0.0008152173913043,0.0008152173913043,4.753424308822899,0.0,0.0008152173913043,True,0.0008152173913043
event-disjoint target,hgb_direct,HGB direct,0.03,100,8,0.0,0.0,0.0008152173913043,0.0008152173913043,4.753424308822899,0.0,0.0008152173913043,True,0.0008152173913043
event-disjoint target,hgb_direct,HGB direct,0.04,1,8,0.0,0.0,0.0,0.0,4.753424308822899,0.0,0.0,True,0.0
event-disjoint target,hgb_direct,HGB direct,0.04,2,8,0.0,0.0,0.0,0.0,4.753424308822899,0.0,0.0,True,0.0
event-disjoint target,hgb_direct,HGB direct,0.04,5,8,0.0,0.0,0.0,0.0,4.753424308822899,0.0,0.0,True,0.0
event-disjoint target,hgb_direct,HGB direct,0.04,10,8,0.0,0.0,0.0,0.0,4.753424308822899,0.0,0.0,True,0.0
event-disjoint target,hgb_direct,HGB direct,0.04,25,8,0.0,0.0,0.0,0.0,4.753424308822899,0.0,0.0,True,0.0
event-disjoint target,hgb_direct,HGB direct,0.04,50,8,0.0,0.0,0.0,0.0,4.753424308822899,0.0,0.0,True,0.0
event-disjoint target,hgb_direct,HGB direct,0.04,100,8,0.0,0.0,0.0,0.0,4.753424308822899,0.0,0.0,True,0.0
event-disjoint target,lgbm_direct,LGBM direct,0.005,1,8,0.0677083333333333,0.000823143115942,0.0596739130434782,0.0604970561594202,2.900168627921686,0.0018648097826086,0.0596739130434782,True,0.1265591032608695
event-disjoint target,lgbm_direct,LGBM direct,0.005,2,8,0.0677083333333333,0.000823143115942,0.0596739130434782,0.0613201992753623,2.900168627921686,0.0018648097826086,0.0596739130434782,True,0.1265591032608695
event-disjoint target,lgbm_direct,LGBM direct,0.005,5,8,0.0677083333333333,0.000823143115942,0.0596739130434782,0.0637896286231884,2.900168627921686,0.0018648097826086,0.0596739130434782,True,0.1265591032608695
event-disjoint target,lgbm_direct,LGBM direct,0.005,10,8,0.0677083333333333,0.000823143115942,0.0596739130434782,0.0679053442028985,2.900168627921686,0.0018648097826086,0.0596739130434782,True,0.1265591032608695
event-disjoint target,lgbm_direct,LGBM direct,0.005,25,8,0.0677083333333333,0.000823143115942,0.0596739130434782,0.0802524909420289,2.900168627921686,0.0018648097826086,0.0596739130434782,True,0.1265591032608695
event-disjoint target,lgbm_direct,LGBM direct,0.005,50,8,0.0677083333333333,0.000823143115942,0.0596739130434782,0.1008310688405797,2.900168627921686,0.0018648097826086,0.0596739130434782,True,0.1265591032608695
event-disjoint target,lgbm_direct,LGBM direct,0.005,100,8,0.0677083333333333,0.000823143115942,0.0596739130434782,0.1419882246376811,2.900168627921686,0.0018648097826086,0.0596739130434782,True,0.1265591032608695
event-disjoint target,lgbm_direct,LGBM direct,0.0075,1,8,0.0354959239130434,0.0015896739130434,0.0296891983695652,0.0312788722826087,2.678372109884344,0.0036990489130434,0.0296891983695652,True,0.06359544836956521
event-disjoint target,lgbm_direct,LGBM direct,0.0075,2,8,0.0354959239130434,0.0015896739130434,0.0296891983695652,0.0328685461956521,2.678372109884344,0.0036990489130434,0.0296891983695652,True,0.06359544836956521
event-disjoint target,lgbm_direct,LGBM direct,0.0075,5,8,0.0354959239130434,0.0015896739130434,0.0296891983695652,0.0376375679347826,2.678372109884344,0.0036990489130434,0.0296891983695652,True,0.06359544836956521
event-disjoint target,lgbm_direct,LGBM direct,0.0075,10,8,0.0354959239130434,0.0015896739130434,0.0296891983695652,0.0455859375,2.678372109884344,0.0036990489130434,0.0296891983695652,True,0.06359544836956521
event-disjoint target,lgbm_direct,LGBM direct,0.0075,25,8,0.0354959239130434,0.0015896739130434,0.0296891983695652,0.0694310461956521,2.678372109884344,0.0036990489130434,0.0296891983695652,True,0.06359544836956521
event-disjoint target,lgbm_direct,LGBM direct,0.0075,50,8,0.0354959239130434,0.0015896739130434,0.0296891983695652,0.1091728940217391,2.678372109884344,0.0036990489130434,0.0296891983695652,True,0.06359544836956521
event-disjoint target,lgbm_direct,LGBM direct,0.0075,100,8,0.0354959239130434,0.0015896739130434,0.0296891983695652,0.188656589673913,2.678372109884344,0.0036990489130434,0.0296891983695652,True,0.06359544836956521
event-disjoint target,lgbm_direct,LGBM direct,0.01,1,8,0.0178442028985507,0.0031272644927536,0.0201856884057971,0.0233129528985507,2.445037811042834,0.0072418478260869,0.0201856884057971,False,0.0349026268115942
event-disjoint target,lgbm_direct,LGBM direct,0.01,2,8,0.0178442028985507,0.0031272644927536,0.0201856884057971,0.0264402173913043,2.445037811042834,0.0072418478260869,0.0201856884057971,False,0.0349026268115942
event-disjoint target,lgbm_direct,LGBM direct,0.01,5,8,0.0178442028985507,0.0031272644927536,0.0201856884057971,0.0358220108695652,2.445037811042834,0.0072418478260869,0.0201856884057971,False,0.0349026268115942
event-disjoint target,lgbm_direct,LGBM direct,0.01,10,8,0.0178442028985507,0.0031272644927536,0.0201856884057971,0.0514583333333333,2.445037811042834,0.0072418478260869,0.0201856884057971,False,0.0349026268115942
event-disjoint target,lgbm_direct,LGBM direct,0.01,25,8,0.0178442028985507,0.0031272644927536,0.0201856884057971,0.0983673007246376,2.445037811042834,0.0072418478260869,0.0201856884057971,False,0.0349026268115942
event-disjoint target,lgbm_direct,LGBM direct,0.01,50,8,0.0178442028985507,0.0031272644927536,0.0201856884057971,0.1765489130434782,2.445037811042834,0.0072418478260869,0.0201856884057971,False,0.0349026268115942
event-disjoint target,lgbm_direct,LGBM direct,0.01,100,8,0.0178442028985507,0.0031272644927536,0.0201856884057971,0.3329121376811594,2.445037811042834,0.0072418478260869,0.0201856884057971,False,0.0349026268115942
event-disjoint target,lgbm_direct,LGBM direct,0.015,1,8,0.0029211956521739,0.0010026041666666,0.014461616847826,0.0154642210144927,2.78586307616791,0.0026692708333333,0.014461616847826,True,0.0163802083333333
event-disjoint target,lgbm_direct,LGBM direct,0.015,2,8,0.0029211956521739,0.0010026041666666,0.014461616847826,0.0164668251811594,2.78586307616791,0.0026692708333333,0.014461616847826,True,0.0163802083333333
event-disjoint target,lgbm_direct,LGBM direct,0.015,5,8,0.0029211956521739,0.0010026041666666,0.014461616847826,0.0194746376811594,2.78586307616791,0.0026692708333333,0.014461616847826,True,0.0163802083333333
event-disjoint target,lgbm_direct,LGBM direct,0.015,10,8,0.0029211956521739,0.0010026041666666,0.014461616847826,0.0244876585144927,2.78586307616791,0.0026692708333333,0.014461616847826,True,0.0163802083333333
event-disjoint target,lgbm_direct,LGBM direct,0.015,25,8,0.0029211956521739,0.0010026041666666,0.014461616847826,0.0395267210144927,2.78586307616791,0.0026692708333333,0.014461616847826,True,0.0163802083333333
event-disjoint target,lgbm_direct,LGBM direct,0.015,50,8,0.0029211956521739,0.0010026041666666,0.014461616847826,0.0645918251811594,2.78586307616791,0.0026692708333333,0.014461616847826,True,0.0163802083333333
event-disjoint target,lgbm_direct,LGBM direct,0.015,100,8,0.0029211956521739,0.0010026041666666,0.014461616847826,0.1147220335144927,2.78586307616791,0.0026692708333333,0.014461616847826,True,0.0163802083333333
event-disjoint target,lgbm_direct,LGBM direct,0.02,1,8,0.0,0.0,0.0084918478260869,0.0084918478260869,4.753424308822899,0.0,0.0084918478260869,True,0.0084918478260869
event-disjoint target,lgbm_direct,LGBM direct,0.02,2,8,0.0,0.0,0.0084918478260869,0.0084918478260869,4.753424308822899,0.0,0.0084918478260869,True,0.0084918478260869
event-disjoint target,lgbm_direct,LGBM direct,0.02,5,8,0.0,0.0,0.0084918478260869,0.0084918478260869,4.753424308822899,0.0,0.0084918478260869,True,0.0084918478260869
event-disjoint target,lgbm_direct,LGBM direct,0.02,10,8,0.0,0.0,0.0084918478260869,0.0084918478260869,4.753424308822899,0.0,0.0084918478260869,True,0.0084918478260869
event-disjoint target,lgbm_direct,LGBM direct,0.02,25,8,0.0,0.0,0.0084918478260869,0.0084918478260869,4.753424308822899,0.0,0.0084918478260869,True,0.0084918478260869
event-disjoint target,lgbm_direct,LGBM direct,0.02,50,8,0.0,0.0,0.0084918478260869,0.0084918478260869,4.753424308822899,0.0,0.0084918478260869,True,0.0084918478260869
event-disjoint target,lgbm_direct,LGBM direct,0.02,100,8,0.0,0.0,0.0084918478260869,0.0084918478260869,4.753424308822899,0.0,0.0084918478260869,True,0.0084918478260869
event-disjoint target,lgbm_direct,LGBM direct,0.03,1,8,0.0,0.0,0.0007133152173913,0.0007133152173913,4.753424308822899,0.0,0.0007133152173913,True,0.0007133152173913
event-disjoint target,lgbm_direct,LGBM direct,0.03,2,8,0.0,0.0,0.0007133152173913,0.0007133152173913,4.753424308822899,0.0,0.0007133152173913,True,0.0007133152173913
event-disjoint target,lgbm_direct,LGBM direct,0.03,5,8,0.0,0.0,0.0007133152173913,0.0007133152173913,4.753424308822899,0.0,0.0007133152173913,True,0.0007133152173913
event-disjoint target,lgbm_direct,LGBM direct,0.03,10,8,0.0,0.0,0.0007133152173913,0.0007133152173913,4.753424308822899,0.0,0.0007133152173913,True,0.0007133152173913
event-disjoint target,lgbm_direct,LGBM direct,0.03,25,8,0.0,0.0,0.0007133152173913,0.0007133152173913,4.753424308822899,0.0,0.0007133152173913,True,0.0007133152173913
event-disjoint target,lgbm_direct,LGBM direct,0.03,50,8,0.0,0.0,0.0007133152173913,0.0007133152173913,4.753424308822899,0.0,0.0007133152173913,True,0.0007133152173913
event-disjoint target,lgbm_direct,LGBM direct,0.03,100,8,0.0,0.0,0.0007133152173913,0.0007133152173913,4.753424308822899,0.0,0.0007133152173913,True,0.0007133152173913
event-disjoint target,lgbm_direct,LGBM direct,0.04,1,8,0.0,0.0,0.0,0.0,4.753424308822899,0.0,0.0,True,0.0
event-disjoint target,lgbm_direct,LGBM direct,0.04,2,8,0.0,0.0,0.0,0.0,4.753424308822899,0.0,0.0,True,0.0
event-disjoint target,lgbm_direct,LGBM direct,0.04,5,8,0.0,0.0,0.0,0.0,4.753424308822899,0.0,0.0,True,0.0
event-disjoint target,lgbm_direct,LGBM direct,0.04,10,8,0.0,0.0,0.0,0.0,4.753424308822899,0.0,0.0,True,0.0
event-disjoint target,lgbm_direct,LGBM direct,0.04,25,8,0.0,0.0,0.0,0.0,4.753424308822899,0.0,0.0,True,0.0
event-disjoint target,lgbm_direct,LGBM direct,0.04,50,8,0.0,0.0,0.0,0.0,4.753424308822899,0.0,0.0,True,0.0
event-disjoint target,lgbm_direct,LGBM direct,0.04,100,8,0.0,0.0,0.0,0.0,4.753424308822899,0.0,0.0,True,0.0
event-disjoint target,pretrained_finetune,MLP finetune,0.005,1,8,0.0677083333333333,0.0027740036231884,0.1137426403985507,0.1165166440217391,2.534594496861053,0.0056288779438405,0.1137426403985507,True,0.1786769701086956
event-disjoint target,pretrained_finetune,MLP finetune,0.005,2,8,0.0677083333333333,0.0027740036231884,0.1137426403985507,0.1192906476449275,2.534594496861053,0.0056288779438405,0.1137426403985507,True,0.1786769701086956
event-disjoint target,pretrained_finetune,MLP finetune,0.005,5,8,0.0677083333333333,0.0027740036231884,0.1137426403985507,0.1276126585144927,2.534594496861053,0.0056288779438405,0.1137426403985507,True,0.1786769701086956
event-disjoint target,pretrained_finetune,MLP finetune,0.005,10,8,0.0677083333333333,0.0027740036231884,0.1137426403985507,0.1414826766304348,2.534594496861053,0.0056288779438405,0.1137426403985507,True,0.1786769701086956
event-disjoint target,pretrained_finetune,MLP finetune,0.005,25,8,0.0677083333333333,0.0027740036231884,0.1137426403985507,0.1830927309782609,2.534594496861053,0.0056288779438405,0.1137426403985507,True,0.1786769701086956
event-disjoint target,pretrained_finetune,MLP finetune,0.005,50,8,0.0677083333333333,0.0027740036231884,0.1137426403985507,0.252442821557971,2.534594496861053,0.0056288779438405,0.1137426403985507,True,0.1786769701086956
event-disjoint target,pretrained_finetune,MLP finetune,0.005,100,8,0.0677083333333333,0.0027740036231884,0.1137426403985507,0.3911430027173913,2.534594496861053,0.0056288779438405,0.1137426403985507,True,0.1786769701086956
event-disjoint target,pretrained_finetune,MLP finetune,0.0075,1,8,0.0354959239130434,0.0040959012681159,0.0885546875,0.0926505887681159,2.4002560960417383,0.0081918025362318,0.0885546875,False,0.1199547101449275
event-disjoint target,pretrained_finetune,MLP finetune,0.0075,2,8,0.0354959239130434,0.0040959012681159,0.0885546875,0.0967464900362318,2.4002560960417383,0.0081918025362318,0.0885546875,False,0.1199547101449275
event-disjoint target,pretrained_finetune,MLP finetune,0.0075,5,8,0.0354959239130434,0.0040959012681159,0.0885546875,0.1090341938405797,2.4002560960417383,0.0081918025362318,0.0885546875,False,0.1199547101449275
event-disjoint target,pretrained_finetune,MLP finetune,0.0075,10,8,0.0354959239130434,0.0040959012681159,0.0885546875,0.1295137001811594,2.4002560960417383,0.0081918025362318,0.0885546875,False,0.1199547101449275
event-disjoint target,pretrained_finetune,MLP finetune,0.0075,25,8,0.0354959239130434,0.0040959012681159,0.0885546875,0.1909522192028985,2.4002560960417383,0.0081918025362318,0.0885546875,False,0.1199547101449275
event-disjoint target,pretrained_finetune,MLP finetune,0.0075,50,8,0.0354959239130434,0.0040959012681159,0.0885546875,0.293349750905797,2.4002560960417383,0.0081918025362318,0.0885546875,False,0.1199547101449275
event-disjoint target,pretrained_finetune,MLP finetune,0.0075,100,8,0.0354959239130434,0.0040959012681159,0.0885546875,0.4981448143115942,2.4002560960417383,0.0081918025362318,0.0885546875,False,0.1199547101449275
event-disjoint target,pretrained_finetune,MLP finetune,0.01,1,8,0.0178442028985507,0.0042068614130434,0.0656810461956521,0.0698879076086956,2.390975624038992,0.0084018342391304,0.0656810461956521,False,0.0793183876811594
event-disjoint target,pretrained_finetune,MLP finetune,0.01,2,8,0.0178442028985507,0.0042068614130434,0.0656810461956521,0.0740947690217391,2.390975624038992,0.0084018342391304,0.0656810461956521,False,0.0793183876811594
event-disjoint target,pretrained_finetune,MLP finetune,0.01,5,8,0.0178442028985507,0.0042068614130434,0.0656810461956521,0.0867153532608695,2.390975624038992,0.0084018342391304,0.0656810461956521,False,0.0793183876811594
event-disjoint target,pretrained_finetune,MLP finetune,0.01,10,8,0.0178442028985507,0.0042068614130434,0.0656810461956521,0.1077496603260869,2.390975624038992,0.0084018342391304,0.0656810461956521,False,0.0793183876811594
event-disjoint target,pretrained_finetune,MLP finetune,0.01,25,8,0.0178442028985507,0.0042068614130434,0.0656810461956521,0.1708525815217391,2.390975624038992,0.0084018342391304,0.0656810461956521,False,0.0793183876811594
event-disjoint target,pretrained_finetune,MLP finetune,0.01,50,8,0.0178442028985507,0.0042068614130434,0.0656810461956521,0.2760241168478261,2.390975624038992,0.0084018342391304,0.0656810461956521,False,0.0793183876811594
event-disjoint target,pretrained_finetune,MLP finetune,0.01,100,8,0.0178442028985507,0.0042068614130434,0.0656810461956521,0.4863671874999999,2.390975624038992,0.0084018342391304,0.0656810461956521,False,0.0793183876811594
event-disjoint target,pretrained_finetune,MLP finetune,0.015,1,8,0.0029211956521739,0.0008316349637681,0.0363264266304347,0.0371580615942029,2.9431971430568025,0.0016242074275362,0.0363264266304347,True,0.0384159873188405
event-disjoint target,pretrained_finetune,MLP finetune,0.015,2,8,0.0029211956521739,0.0008316349637681,0.0363264266304347,0.037989696557971,2.9431971430568025,0.0016242074275362,0.0363264266304347,True,0.0384159873188405
event-disjoint target,pretrained_finetune,MLP finetune,0.015,5,8,0.0029211956521739,0.0008316349637681,0.0363264266304347,0.0404846014492753,2.9431971430568025,0.0016242074275362,0.0363264266304347,True,0.0384159873188405
event-disjoint target,pretrained_finetune,MLP finetune,0.015,10,8,0.0029211956521739,0.0008316349637681,0.0363264266304347,0.0446427762681159,2.9431971430568025,0.0016242074275362,0.0363264266304347,True,0.0384159873188405
event-disjoint target,pretrained_finetune,MLP finetune,0.015,25,8,0.0029211956521739,0.0008316349637681,0.0363264266304347,0.0571173007246376,2.9431971430568025,0.0016242074275362,0.0363264266304347,True,0.0384159873188405
event-disjoint target,pretrained_finetune,MLP finetune,0.015,50,8,0.0029211956521739,0.0008316349637681,0.0363264266304347,0.0779081748188405,2.9431971430568025,0.0016242074275362,0.0363264266304347,True,0.0384159873188405
event-disjoint target,pretrained_finetune,MLP finetune,0.015,100,8,0.0029211956521739,0.0008316349637681,0.0363264266304347,0.1194899230072463,2.9431971430568025,0.0016242074275362,0.0363264266304347,True,0.0384159873188405
event-disjoint target,pretrained_finetune,MLP finetune,0.02,1,8,0.0,0.0,0.0240449501811594,0.0240449501811594,4.753424308822899,0.0,0.0240449501811594,True,0.0240449501811594
event-disjoint target,pretrained_finetune,MLP finetune,0.02,2,8,0.0,0.0,0.0240449501811594,0.0240449501811594,4.753424308822899,0.0,0.0240449501811594,True,0.0240449501811594
event-disjoint target,pretrained_finetune,MLP finetune,0.02,5,8,0.0,0.0,0.0240449501811594,0.0240449501811594,4.753424308822899,0.0,0.0240449501811594,True,0.0240449501811594
event-disjoint target,pretrained_finetune,MLP finetune,0.02,10,8,0.0,0.0,0.0240449501811594,0.0240449501811594,4.753424308822899,0.0,0.0240449501811594,True,0.0240449501811594
event-disjoint target,pretrained_finetune,MLP finetune,0.02,25,8,0.0,0.0,0.0240449501811594,0.0240449501811594,4.753424308822899,0.0,0.0240449501811594,True,0.0240449501811594
event-disjoint target,pretrained_finetune,MLP finetune,0.02,50,8,0.0,0.0,0.0240449501811594,0.0240449501811594,4.753424308822899,0.0,0.0240449501811594,True,0.0240449501811594
event-disjoint target,pretrained_finetune,MLP finetune,0.02,100,8,0.0,0.0,0.0240449501811594,0.0240449501811594,4.753424308822899,0.0,0.0240449501811594,True,0.0240449501811594
event-disjoint target,pretrained_finetune,MLP finetune,0.03,1,8,0.0,0.0,0.0117312047101449,0.0117312047101449,4.753424308822899,0.0,0.0117312047101449,True,0.0117312047101449
event-disjoint target,pretrained_finetune,MLP finetune,0.03,2,8,0.0,0.0,0.0117312047101449,0.0117312047101449,4.753424308822899,0.0,0.0117312047101449,True,0.0117312047101449
event-disjoint target,pretrained_finetune,MLP finetune,0.03,5,8,0.0,0.0,0.0117312047101449,0.0117312047101449,4.753424308822899,0.0,0.0117312047101449,True,0.0117312047101449
event-disjoint target,pretrained_finetune,MLP finetune,0.03,10,8,0.0,0.0,0.0117312047101449,0.0117312047101449,4.753424308822899,0.0,0.0117312047101449,True,0.0117312047101449
event-disjoint target,pretrained_finetune,MLP finetune,0.03,25,8,0.0,0.0,0.0117312047101449,0.0117312047101449,4.753424308822899,0.0,0.0117312047101449,True,0.0117312047101449
event-disjoint target,pretrained_finetune,MLP finetune,0.03,50,8,0.0,0.0,0.0117312047101449,0.0117312047101449,4.753424308822899,0.0,0.0117312047101449,True,0.0117312047101449
event-disjoint target,pretrained_finetune,MLP finetune,0.03,100,8,0.0,0.0,0.0117312047101449,0.0117312047101449,4.753424308822899,0.0,0.0117312047101449,True,0.0117312047101449
event-disjoint target,pretrained_finetune,MLP finetune,0.04,1,8,0.0,0.0,0.006153759057971,0.006153759057971,4.753424308822899,0.0,0.006153759057971,True,0.006153759057971
event-disjoint target,pretrained_finetune,MLP finetune,0.04,2,8,0.0,0.0,0.006153759057971,0.006153759057971,4.753424308822899,0.0,0.006153759057971,True,0.006153759057971
event-disjoint target,pretrained_finetune,MLP finetune,0.04,5,8,0.0,0.0,0.006153759057971,0.006153759057971,4.753424308822899,0.0,0.006153759057971,True,0.006153759057971
event-disjoint target,pretrained_finetune,MLP finetune,0.04,10,8,0.0,0.0,0.006153759057971,0.006153759057971,4.753424308822899,0.0,0.006153759057971,True,0.006153759057971
event-disjoint target,pretrained_finetune,MLP finetune,0.04,25,8,0.0,0.0,0.006153759057971,0.006153759057971,4.753424308822899,0.0,0.006153759057971,True,0.006153759057971
event-disjoint target,pretrained_finetune,MLP finetune,0.04,50,8,0.0,0.0,0.006153759057971,0.006153759057971,4.753424308822899,0.0,0.006153759057971,True,0.006153759057971
event-disjoint target,pretrained_finetune,MLP finetune,0.04,100,8,0.0,0.0,0.006153759057971,0.006153759057971,4.753424308822899,0.0,0.006153759057971,True,0.006153759057971
event-disjoint target,rf_direct,RF direct,0.005,1,8,0.0677083333333333,0.0020437047101449,0.064753170289855,0.066796875,2.6624177743846045,0.0038790760869565,0.064753170289855,True,0.1304177989130434
event-disjoint target,rf_direct,RF direct,0.005,2,8,0.0677083333333333,0.0020437047101449,0.064753170289855,0.0688405797101449,2.6624177743846045,0.0038790760869565,0.064753170289855,True,0.1304177989130434
event-disjoint target,rf_direct,RF direct,0.005,5,8,0.0677083333333333,0.0020437047101449,0.064753170289855,0.0749716938405797,2.6624177743846045,0.0038790760869565,0.064753170289855,True,0.1304177989130434
event-disjoint target,rf_direct,RF direct,0.005,10,8,0.0677083333333333,0.0020437047101449,0.064753170289855,0.0851902173913043,2.6624177743846045,0.0038790760869565,0.064753170289855,True,0.1304177989130434
event-disjoint target,rf_direct,RF direct,0.005,25,8,0.0677083333333333,0.0020437047101449,0.064753170289855,0.1158457880434782,2.6624177743846045,0.0038790760869565,0.064753170289855,True,0.1304177989130434
event-disjoint target,rf_direct,RF direct,0.005,50,8,0.0677083333333333,0.0020437047101449,0.064753170289855,0.1669384057971014,2.6624177743846045,0.0038790760869565,0.064753170289855,True,0.1304177989130434
event-disjoint target,rf_direct,RF direct,0.005,100,8,0.0677083333333333,0.0020437047101449,0.064753170289855,0.2691236413043478,2.6624177743846045,0.0038790760869565,0.064753170289855,True,0.1304177989130434
event-disjoint target,rf_direct,RF direct,0.0075,1,8,0.0354959239130434,0.0041117527173913,0.0339826766304347,0.038094429347826,2.381001855175044,0.0086328125,0.0339826766304347,False,0.0653668478260868
event-disjoint target,rf_direct,RF direct,0.0075,2,8,0.0354959239130434,0.0041117527173913,0.0339826766304347,0.0422061820652173,2.381001855175044,0.0086328125,0.0339826766304347,False,0.0653668478260868
event-disjoint target,rf_direct,RF direct,0.0075,5,8,0.0354959239130434,0.0041117527173913,0.0339826766304347,0.0545414402173913,2.381001855175044,0.0086328125,0.0339826766304347,False,0.0653668478260868
event-disjoint target,rf_direct,RF direct,0.0075,10,8,0.0354959239130434,0.0041117527173913,0.0339826766304347,0.0751002038043478,2.381001855175044,0.0086328125,0.0339826766304347,False,0.0653668478260868
event-disjoint target,rf_direct,RF direct,0.0075,25,8,0.0354959239130434,0.0041117527173913,0.0339826766304347,0.1367764945652174,2.381001855175044,0.0086328125,0.0339826766304347,False,0.0653668478260868
event-disjoint target,rf_direct,RF direct,0.0075,50,8,0.0354959239130434,0.0041117527173913,0.0339826766304347,0.2395703125,2.381001855175044,0.0086328125,0.0339826766304347,False,0.0653668478260868
event-disjoint target,rf_direct,RF direct,0.0075,100,8,0.0354959239130434,0.0041117527173913,0.0339826766304347,0.4451579483695652,2.381001855175044,0.0086328125,0.0339826766304347,False,0.0653668478260868
event-disjoint target,rf_direct,RF direct,0.01,1,8,0.0178442028985507,0.004831295289855,0.0226075634057971,0.0274388586956521,2.296597222470381,0.0108208786231884,0.0226075634057971,False,0.0356204710144928
event-disjoint target,rf_direct,RF direct,0.01,2,8,0.0178442028985507,0.004831295289855,0.0226075634057971,0.0322701539855072,2.296597222470381,0.0108208786231884,0.0226075634057971,False,0.0356204710144928
event-disjoint target,rf_direct,RF direct,0.01,5,8,0.0178442028985507,0.004831295289855,0.0226075634057971,0.0467640398550724,2.296597222470381,0.0108208786231884,0.0226075634057971,False,0.0356204710144928
event-disjoint target,rf_direct,RF direct,0.01,10,8,0.0178442028985507,0.004831295289855,0.0226075634057971,0.0709205163043478,2.296597222470381,0.0108208786231884,0.0226075634057971,False,0.0356204710144928
event-disjoint target,rf_direct,RF direct,0.01,25,8,0.0178442028985507,0.004831295289855,0.0226075634057971,0.1433899456521739,2.296597222470381,0.0108208786231884,0.0226075634057971,False,0.0356204710144928
event-disjoint target,rf_direct,RF direct,0.01,50,8,0.0178442028985507,0.004831295289855,0.0226075634057971,0.2641723278985507,2.296597222470381,0.0108208786231884,0.0226075634057971,False,0.0356204710144928
event-disjoint target,rf_direct,RF direct,0.01,100,8,0.0178442028985507,0.004831295289855,0.0226075634057971,0.5057370923913044,2.296597222470381,0.0108208786231884,0.0226075634057971,False,0.0356204710144928
event-disjoint target,rf_direct,RF direct,0.015,1,8,0.0029211956521739,0.0011848958333333,0.0181946331521739,0.0193795289855072,2.738507514253055,0.0030859375,0.0181946331521739,True,0.0199309329710145
event-disjoint target,rf_direct,RF direct,0.015,2,8,0.0029211956521739,0.0011848958333333,0.0181946331521739,0.0205644248188405,2.738507514253055,0.0030859375,0.0181946331521739,True,0.0199309329710145
event-disjoint target,rf_direct,RF direct,0.015,5,8,0.0029211956521739,0.0011848958333333,0.0181946331521739,0.0241191123188405,2.738507514253055,0.0030859375,0.0181946331521739,True,0.0199309329710145
event-disjoint target,rf_direct,RF direct,0.015,10,8,0.0029211956521739,0.0011848958333333,0.0181946331521739,0.0300435914855072,2.738507514253055,0.0030859375,0.0181946331521739,True,0.0199309329710145
event-disjoint target,rf_direct,RF direct,0.015,25,8,0.0029211956521739,0.0011848958333333,0.0181946331521739,0.0478170289855072,2.738507514253055,0.0030859375,0.0181946331521739,True,0.0199309329710145
event-disjoint target,rf_direct,RF direct,0.015,50,8,0.0029211956521739,0.0011848958333333,0.0181946331521739,0.0774394248188405,2.738507514253055,0.0030859375,0.0181946331521739,True,0.0199309329710145
event-disjoint target,rf_direct,RF direct,0.015,100,8,0.0029211956521739,0.0011848958333333,0.0181946331521739,0.1366842164855072,2.738507514253055,0.0030859375,0.0181946331521739,True,0.0199309329710145
event-disjoint target,rf_direct,RF direct,0.02,1,8,0.0,0.0,0.0129076086956521,0.0129076086956521,4.753424308822899,0.0,0.0129076086956521,True,0.0129076086956521
event-disjoint target,rf_direct,RF direct,0.02,2,8,0.0,0.0,0.0129076086956521,0.0129076086956521,4.753424308822899,0.0,0.0129076086956521,True,0.0129076086956521
event-disjoint target,rf_direct,RF direct,0.02,5,8,0.0,0.0,0.0129076086956521,0.0129076086956521,4.753424308822899,0.0,0.0129076086956521,True,0.0129076086956521
event-disjoint target,rf_direct,RF direct,0.02,10,8,0.0,0.0,0.0129076086956521,0.0129076086956521,4.753424308822899,0.0,0.0129076086956521,True,0.0129076086956521
event-disjoint target,rf_direct,RF direct,0.02,25,8,0.0,0.0,0.0129076086956521,0.0129076086956521,4.753424308822899,0.0,0.0129076086956521,True,0.0129076086956521
event-disjoint target,rf_direct,RF direct,0.02,50,8,0.0,0.0,0.0129076086956521,0.0129076086956521,4.753424308822899,0.0,0.0129076086956521,True,0.0129076086956521
event-disjoint target,rf_direct,RF direct,0.02,100,8,0.0,0.0,0.0129076086956521,0.0129076086956521,4.753424308822899,0.0,0.0129076086956521,True,0.0129076086956521
event-disjoint target,rf_direct,RF direct,0.03,1,8,0.0,0.0,0.002445652173913,0.002445652173913,4.753424308822899,0.0,0.002445652173913,True,0.002445652173913
event-disjoint target,rf_direct,RF direct,0.03,2,8,0.0,0.0,0.002445652173913,0.002445652173913,4.753424308822899,0.0,0.002445652173913,True,0.002445652173913
event-disjoint target,rf_direct,RF direct,0.03,5,8,0.0,0.0,0.002445652173913,0.002445652173913,4.753424308822899,0.0,0.002445652173913,True,0.002445652173913
event-disjoint target,rf_direct,RF direct,0.03,10,8,0.0,0.0,0.002445652173913,0.002445652173913,4.753424308822899,0.0,0.002445652173913,True,0.002445652173913
event-disjoint target,rf_direct,RF direct,0.03,25,8,0.0,0.0,0.002445652173913,0.002445652173913,4.753424308822899,0.0,0.002445652173913,True,0.002445652173913
event-disjoint target,rf_direct,RF direct,0.03,50,8,0.0,0.0,0.002445652173913,0.002445652173913,4.753424308822899,0.0,0.002445652173913,True,0.002445652173913
event-disjoint target,rf_direct,RF direct,0.03,100,8,0.0,0.0,0.002445652173913,0.002445652173913,4.753424308822899,0.0,0.002445652173913,True,0.002445652173913
event-disjoint target,rf_direct,RF direct,0.04,1,8,0.0,0.0,0.0003396739130434,0.0003396739130434,4.753424308822899,0.0,0.0003396739130434,True,0.0003396739130434
event-disjoint target,rf_direct,RF direct,0.04,2,8,0.0,0.0,0.0003396739130434,0.0003396739130434,4.753424308822899,0.0,0.0003396739130434,True,0.0003396739130434
event-disjoint target,rf_direct,RF direct,0.04,5,8,0.0,0.0,0.0003396739130434,0.0003396739130434,4.753424308822899,0.0,0.0003396739130434,True,0.0003396739130434
event-disjoint target,rf_direct,RF direct,0.04,10,8,0.0,0.0,0.0003396739130434,0.0003396739130434,4.753424308822899,0.0,0.0003396739130434,True,0.0003396739130434
event-disjoint target,rf_direct,RF direct,0.04,25,8,0.0,0.0,0.0003396739130434,0.0003396739130434,4.753424308822899,0.0,0.0003396739130434,True,0.0003396739130434
event-disjoint target,rf_direct,RF direct,0.04,50,8,0.0,0.0,0.0003396739130434,0.0003396739130434,4.753424308822899,0.0,0.0003396739130434,True,0.0003396739130434
event-disjoint target,rf_direct,RF direct,0.04,100,8,0.0,0.0,0.0003396739130434,0.0003396739130434,4.753424308822899,0.0,0.0003396739130434,True,0.0003396739130434
event-disjoint target,ridge_direct,Ridge direct,0.005,1,8,0.0677083333333333,0.0036288496376811,0.178524116847826,0.1821529664855072,2.362077607710749,0.0090864187047102,0.178524116847826,False,0.24260360054347818
event-disjoint target,ridge_direct,Ridge direct,0.005,2,8,0.0677083333333333,0.0036288496376811,0.178524116847826,0.1857818161231884,2.362077607710749,0.0090864187047102,0.178524116847826,False,0.24260360054347818
event-disjoint target,ridge_direct,Ridge direct,0.005,5,8,0.0677083333333333,0.0036288496376811,0.178524116847826,0.1966683650362319,2.362077607710749,0.0090864187047102,0.178524116847826,False,0.24260360054347818
event-disjoint target,ridge_direct,Ridge direct,0.005,10,8,0.0677083333333333,0.0036288496376811,0.178524116847826,0.2148126132246376,2.362077607710749,0.0090864187047102,0.178524116847826,False,0.24260360054347818
event-disjoint target,ridge_direct,Ridge direct,0.005,25,8,0.0677083333333333,0.0036288496376811,0.178524116847826,0.269245357789855,2.362077607710749,0.0090864187047102,0.178524116847826,False,0.24260360054347818
event-disjoint target,ridge_direct,Ridge direct,0.005,50,8,0.0677083333333333,0.0036288496376811,0.178524116847826,0.3599665987318841,2.362077607710749,0.0090864187047102,0.178524116847826,False,0.24260360054347818
event-disjoint target,ridge_direct,Ridge direct,0.005,100,8,0.0677083333333333,0.0036288496376811,0.178524116847826,0.5414090806159421,2.362077607710749,0.0090864187047102,0.178524116847826,False,0.24260360054347818
event-disjoint target,ridge_direct,Ridge direct,0.0075,1,8,0.0354959239130434,0.0031385869565217,0.1369791666666666,0.1401177536231884,2.401421297535529,0.0081657608695652,0.1369791666666666,False,0.1693365036231883
event-disjoint target,ridge_direct,Ridge direct,0.0075,2,8,0.0354959239130434,0.0031385869565217,0.1369791666666666,0.1432563405797101,2.401421297535529,0.0081657608695652,0.1369791666666666,False,0.1693365036231883
event-disjoint target,ridge_direct,Ridge direct,0.0075,5,8,0.0354959239130434,0.0031385869565217,0.1369791666666666,0.1526721014492753,2.401421297535529,0.0081657608695652,0.1369791666666666,False,0.1693365036231883
event-disjoint target,ridge_direct,Ridge direct,0.0075,10,8,0.0354959239130434,0.0031385869565217,0.1369791666666666,0.168365036231884,2.401421297535529,0.0081657608695652,0.1369791666666666,False,0.1693365036231883
event-disjoint target,ridge_direct,Ridge direct,0.0075,25,8,0.0354959239130434,0.0031385869565217,0.1369791666666666,0.2154438405797101,2.401421297535529,0.0081657608695652,0.1369791666666666,False,0.1693365036231883
event-disjoint target,ridge_direct,Ridge direct,0.0075,50,8,0.0354959239130434,0.0031385869565217,0.1369791666666666,0.2939085144927535,2.401421297535529,0.0081657608695652,0.1369791666666666,False,0.1693365036231883
event-disjoint target,ridge_direct,Ridge direct,0.0075,100,8,0.0354959239130434,0.0031385869565217,0.1369791666666666,0.4508378623188405,2.401421297535529,0.0081657608695652,0.1369791666666666,False,0.1693365036231883
event-disjoint target,ridge_direct,Ridge direct,0.01,1,8,0.0178442028985507,0.0015772192028985,0.1155429121376811,0.1171201313405797,2.6389028246731234,0.0041587409420289,0.1155429121376811,True,0.1318098958333333
event-disjoint target,ridge_direct,Ridge direct,0.01,2,8,0.0178442028985507,0.0015772192028985,0.1155429121376811,0.1186973505434782,2.6389028246731234,0.0041587409420289,0.1155429121376811,True,0.1318098958333333
event-disjoint target,ridge_direct,Ridge direct,0.01,5,8,0.0178442028985507,0.0015772192028985,0.1155429121376811,0.1234290081521739,2.6389028246731234,0.0041587409420289,0.1155429121376811,True,0.1318098958333333
event-disjoint target,ridge_direct,Ridge direct,0.01,10,8,0.0178442028985507,0.0015772192028985,0.1155429121376811,0.1313151041666666,2.6389028246731234,0.0041587409420289,0.1155429121376811,True,0.1318098958333333
event-disjoint target,ridge_direct,Ridge direct,0.01,25,8,0.0178442028985507,0.0015772192028985,0.1155429121376811,0.1549733922101449,2.6389028246731234,0.0041587409420289,0.1155429121376811,True,0.1318098958333333
event-disjoint target,ridge_direct,Ridge direct,0.01,50,8,0.0178442028985507,0.0015772192028985,0.1155429121376811,0.1944038722826087,2.6389028246731234,0.0041587409420289,0.1155429121376811,True,0.1318098958333333
event-disjoint target,ridge_direct,Ridge direct,0.01,100,8,0.0178442028985507,0.0015772192028985,0.1155429121376811,0.2732648324275362,2.6389028246731234,0.0041587409420289,0.1155429121376811,True,0.1318098958333333
event-disjoint target,ridge_direct,Ridge direct,0.015,1,8,0.0029211956521739,9.114583333333334e-05,0.0856436820652173,0.0857348278985507,3.456679426695983,0.0002734375,0.0856436820652173,True,0.08847373188405787
event-disjoint target,ridge_direct,Ridge direct,0.015,2,8,0.0029211956521739,9.114583333333334e-05,0.0856436820652173,0.085825973731884,3.456679426695983,0.0002734375,0.0856436820652173,True,0.08847373188405787
event-disjoint target,ridge_direct,Ridge direct,0.015,5,8,0.0029211956521739,9.114583333333334e-05,0.0856436820652173,0.086099411231884,3.456679426695983,0.0002734375,0.0856436820652173,True,0.08847373188405787
event-disjoint target,ridge_direct,Ridge direct,0.015,10,8,0.0029211956521739,9.114583333333334e-05,0.0856436820652173,0.0865551403985507,3.456679426695983,0.0002734375,0.0856436820652173,True,0.08847373188405787
event-disjoint target,ridge_direct,Ridge direct,0.015,25,8,0.0029211956521739,9.114583333333334e-05,0.0856436820652173,0.0879223278985507,3.456679426695983,0.0002734375,0.0856436820652173,True,0.08847373188405787
event-disjoint target,ridge_direct,Ridge direct,0.015,50,8,0.0029211956521739,9.114583333333334e-05,0.0856436820652173,0.090200973731884,3.456679426695983,0.0002734375,0.0856436820652173,True,0.08847373188405787
event-disjoint target,ridge_direct,Ridge direct,0.015,100,8,0.0029211956521739,9.114583333333334e-05,0.0856436820652173,0.0947582653985507,3.456679426695983,0.0002734375,0.0856436820652173,True,0.08847373188405787
event-disjoint target,ridge_direct,Ridge direct,0.02,1,8,0.0,0.0,0.0615296648550724,0.0615296648550724,4.753424308822899,0.0,0.0615296648550724,True,0.0615296648550724
event-disjoint target,ridge_direct,Ridge direct,0.02,2,8,0.0,0.0,0.0615296648550724,0.0615296648550724,4.753424308822899,0.0,0.0615296648550724,True,0.0615296648550724
event-disjoint target,ridge_direct,Ridge direct,0.02,5,8,0.0,0.0,0.0615296648550724,0.0615296648550724,4.753424308822899,0.0,0.0615296648550724,True,0.0615296648550724
event-disjoint target,ridge_direct,Ridge direct,0.02,10,8,0.0,0.0,0.0615296648550724,0.0615296648550724,4.753424308822899,0.0,0.0615296648550724,True,0.0615296648550724
event-disjoint target,ridge_direct,Ridge direct,0.02,25,8,0.0,0.0,0.0615296648550724,0.0615296648550724,4.753424308822899,0.0,0.0615296648550724,True,0.0615296648550724
event-disjoint target,ridge_direct,Ridge direct,0.02,50,8,0.0,0.0,0.0615296648550724,0.0615296648550724,4.753424308822899,0.0,0.0615296648550724,True,0.0615296648550724
event-disjoint target,ridge_direct,Ridge direct,0.02,100,8,0.0,0.0,0.0615296648550724,0.0615296648550724,4.753424308822899,0.0,0.0615296648550724,True,0.0615296648550724
event-disjoint target,ridge_direct,Ridge direct,0.03,1,8,0.0,0.0,0.0346812726449275,0.0346812726449275,4.753424308822899,0.0,0.0346812726449275,True,0.0346812726449275
event-disjoint target,ridge_direct,Ridge direct,0.03,2,8,0.0,0.0,0.0346812726449275,0.0346812726449275,4.753424308822899,0.0,0.0346812726449275,True,0.0346812726449275
event-disjoint target,ridge_direct,Ridge direct,0.03,5,8,0.0,0.0,0.0346812726449275,0.0346812726449275,4.753424308822899,0.0,0.0346812726449275,True,0.0346812726449275
event-disjoint target,ridge_direct,Ridge direct,0.03,10,8,0.0,0.0,0.0346812726449275,0.0346812726449275,4.753424308822899,0.0,0.0346812726449275,True,0.0346812726449275
event-disjoint target,ridge_direct,Ridge direct,0.03,25,8,0.0,0.0,0.0346812726449275,0.0346812726449275,4.753424308822899,0.0,0.0346812726449275,True,0.0346812726449275
event-disjoint target,ridge_direct,Ridge direct,0.03,50,8,0.0,0.0,0.0346812726449275,0.0346812726449275,4.753424308822899,0.0,0.0346812726449275,True,0.0346812726449275
event-disjoint target,ridge_direct,Ridge direct,0.03,100,8,0.0,0.0,0.0346812726449275,0.0346812726449275,4.753424308822899,0.0,0.0346812726449275,True,0.0346812726449275
event-disjoint target,ridge_direct,Ridge direct,0.04,1,8,0.0,0.0,0.0233401268115942,0.0233401268115942,4.753424308822899,0.0,0.0233401268115942,True,0.0233401268115942
event-disjoint target,ridge_direct,Ridge direct,0.04,2,8,0.0,0.0,0.0233401268115942,0.0233401268115942,4.753424308822899,0.0,0.0233401268115942,True,0.0233401268115942
event-disjoint target,ridge_direct,Ridge direct,0.04,5,8,0.0,0.0,0.0233401268115942,0.0233401268115942,4.753424308822899,0.0,0.0233401268115942,True,0.0233401268115942
event-disjoint target,ridge_direct,Ridge direct,0.04,10,8,0.0,0.0,0.0233401268115942,0.0233401268115942,4.753424308822899,0.0,0.0233401268115942,True,0.0233401268115942
event-disjoint target,ridge_direct,Ridge direct,0.04,25,8,0.0,0.0,0.0233401268115942,0.0233401268115942,4.753424308822899,0.0,0.0233401268115942,True,0.0233401268115942
event-disjoint target,ridge_direct,Ridge direct,0.04,50,8,0.0,0.0,0.0233401268115942,0.0233401268115942,4.753424308822899,0.0,0.0233401268115942,True,0.0233401268115942
event-disjoint target,ridge_direct,Ridge direct,0.04,100,8,0.0,0.0,0.0233401268115942,0.0233401268115942,4.753424308822899,0.0,0.0233401268115942,True,0.0233401268115942
event-disjoint target,scratch_mlp,MLP scratch,0.005,1,8,0.0677083333333333,0.0158367300724637,0.0622950634057971,0.0781317934782608,1.7684484667287164,0.0384929800724637,0.0622950634057971,False,0.11416666666666671
event-disjoint target,scratch_mlp,MLP scratch,0.005,2,8,0.0677083333333333,0.0158367300724637,0.0622950634057971,0.0939685235507246,1.7684484667287164,0.0384929800724637,0.0622950634057971,False,0.11416666666666671
event-disjoint target,scratch_mlp,MLP scratch,0.005,5,8,0.0677083333333333,0.0158367300724637,0.0622950634057971,0.1414787137681159,1.7684484667287164,0.0384929800724637,0.0622950634057971,False,0.11416666666666671
event-disjoint target,scratch_mlp,MLP scratch,0.005,10,8,0.0677083333333333,0.0158367300724637,0.0622950634057971,0.2206623641304347,1.7684484667287164,0.0384929800724637,0.0622950634057971,False,0.11416666666666671
event-disjoint target,scratch_mlp,MLP scratch,0.005,25,8,0.0677083333333333,0.0158367300724637,0.0622950634057971,0.4582133152173913,1.7684484667287164,0.0384929800724637,0.0622950634057971,False,0.11416666666666671
event-disjoint target,scratch_mlp,MLP scratch,0.005,50,8,0.0677083333333333,0.0158367300724637,0.0622950634057971,0.8541315670289855,1.7684484667287164,0.0384929800724637,0.0622950634057971,False,0.11416666666666671
event-disjoint target,scratch_mlp,MLP scratch,0.005,100,8,0.0677083333333333,0.0158367300724637,0.0622950634057971,1.6459680706521742,1.7684484667287164,0.0384929800724637,0.0622950634057971,False,0.11416666666666671
event-disjoint target,scratch_mlp,MLP scratch,0.0075,1,8,0.0354959239130434,0.0096625905797101,0.0588332201086956,0.0684958106884058,1.962624992488392,0.0248448822463768,0.0588332201086956,False,0.0846665534420289
event-disjoint target,scratch_mlp,MLP scratch,0.0075,2,8,0.0354959239130434,0.0096625905797101,0.0588332201086956,0.0781584012681159,1.962624992488392,0.0248448822463768,0.0588332201086956,False,0.0846665534420289
event-disjoint target,scratch_mlp,MLP scratch,0.0075,5,8,0.0354959239130434,0.0096625905797101,0.0588332201086956,0.1071461730072463,1.962624992488392,0.0248448822463768,0.0588332201086956,False,0.0846665534420289
event-disjoint target,scratch_mlp,MLP scratch,0.0075,10,8,0.0354959239130434,0.0096625905797101,0.0588332201086956,0.155459125905797,1.962624992488392,0.0248448822463768,0.0588332201086956,False,0.0846665534420289
event-disjoint target,scratch_mlp,MLP scratch,0.0075,25,8,0.0354959239130434,0.0096625905797101,0.0588332201086956,0.3003979846014493,1.962624992488392,0.0248448822463768,0.0588332201086956,False,0.0846665534420289
event-disjoint target,scratch_mlp,MLP scratch,0.0075,50,8,0.0354959239130434,0.0096625905797101,0.0588332201086956,0.541962749094203,1.962624992488392,0.0248448822463768,0.0588332201086956,False,0.0846665534420289
event-disjoint target,scratch_mlp,MLP scratch,0.0075,100,8,0.0354959239130434,0.0096625905797101,0.0588332201086956,1.0250922780797105,1.962624992488392,0.0248448822463768,0.0588332201086956,False,0.0846665534420289
event-disjoint target,scratch_mlp,MLP scratch,0.01,1,8,0.0178442028985507,0.006096580615942,0.0512058423913043,0.0573024230072463,2.0993403234138683,0.017893455615942,0.0512058423913043,False,0.062953464673913
event-disjoint target,scratch_mlp,MLP scratch,0.01,2,8,0.0178442028985507,0.006096580615942,0.0512058423913043,0.0633990036231884,2.0993403234138683,0.017893455615942,0.0512058423913043,False,0.062953464673913
event-disjoint target,scratch_mlp,MLP scratch,0.01,5,8,0.0178442028985507,0.006096580615942,0.0512058423913043,0.0816887454710144,2.0993403234138683,0.017893455615942,0.0512058423913043,False,0.062953464673913
event-disjoint target,scratch_mlp,MLP scratch,0.01,10,8,0.0178442028985507,0.006096580615942,0.0512058423913043,0.1121716485507246,2.0993403234138683,0.017893455615942,0.0512058423913043,False,0.062953464673913
event-disjoint target,scratch_mlp,MLP scratch,0.01,25,8,0.0178442028985507,0.006096580615942,0.0512058423913043,0.203620357789855,2.0993403234138683,0.017893455615942,0.0512058423913043,False,0.062953464673913
event-disjoint target,scratch_mlp,MLP scratch,0.01,50,8,0.0178442028985507,0.006096580615942,0.0512058423913043,0.3560348731884057,2.0993403234138683,0.017893455615942,0.0512058423913043,False,0.062953464673913
event-disjoint target,scratch_mlp,MLP scratch,0.01,100,8,0.0178442028985507,0.006096580615942,0.0512058423913043,0.6608639039855073,2.0993403234138683,0.017893455615942,0.0512058423913043,False,0.062953464673913
event-disjoint target,scratch_mlp,MLP scratch,0.015,1,8,0.0029211956521739,0.001370018115942,0.0331991621376811,0.0345691802536231,2.6564726220143267,0.003948143115942,0.0331991621376811,True,0.034750339673913
event-disjoint target,scratch_mlp,MLP scratch,0.015,2,8,0.0029211956521739,0.001370018115942,0.0331991621376811,0.0359391983695652,2.6564726220143267,0.003948143115942,0.0331991621376811,True,0.034750339673913
event-disjoint target,scratch_mlp,MLP scratch,0.015,5,8,0.0029211956521739,0.001370018115942,0.0331991621376811,0.0400492527173913,2.6564726220143267,0.003948143115942,0.0331991621376811,True,0.034750339673913
event-disjoint target,scratch_mlp,MLP scratch,0.015,10,8,0.0029211956521739,0.001370018115942,0.0331991621376811,0.0468993432971014,2.6564726220143267,0.003948143115942,0.0331991621376811,True,0.034750339673913
event-disjoint target,scratch_mlp,MLP scratch,0.015,25,8,0.0029211956521739,0.001370018115942,0.0331991621376811,0.0674496150362319,2.6564726220143267,0.003948143115942,0.0331991621376811,True,0.034750339673913
event-disjoint target,scratch_mlp,MLP scratch,0.015,50,8,0.0029211956521739,0.001370018115942,0.0331991621376811,0.1017000679347826,2.6564726220143267,0.003948143115942,0.0331991621376811,True,0.034750339673913
event-disjoint target,scratch_mlp,MLP scratch,0.015,100,8,0.0029211956521739,0.001370018115942,0.0331991621376811,0.170200973731884,2.6564726220143267,0.003948143115942,0.0331991621376811,True,0.034750339673913
event-disjoint target,scratch_mlp,MLP scratch,0.02,1,8,0.0,0.0,0.0202304121376811,0.0202304121376811,4.753424308822899,0.0,0.0202304121376811,True,0.0202304121376811
event-disjoint target,scratch_mlp,MLP scratch,0.02,2,8,0.0,0.0,0.0202304121376811,0.0202304121376811,4.753424308822899,0.0,0.0202304121376811,True,0.0202304121376811
event-disjoint target,scratch_mlp,MLP scratch,0.02,5,8,0.0,0.0,0.0202304121376811,0.0202304121376811,4.753424308822899,0.0,0.0202304121376811,True,0.0202304121376811
event-disjoint target,scratch_mlp,MLP scratch,0.02,10,8,0.0,0.0,0.0202304121376811,0.0202304121376811,4.753424308822899,0.0,0.0202304121376811,True,0.0202304121376811
event-disjoint target,scratch_mlp,MLP scratch,0.02,25,8,0.0,0.0,0.0202304121376811,0.0202304121376811,4.753424308822899,0.0,0.0202304121376811,True,0.0202304121376811
event-disjoint target,scratch_mlp,MLP scratch,0.02,50,8,0.0,0.0,0.0202304121376811,0.0202304121376811,4.753424308822899,0.0,0.0202304121376811,True,0.0202304121376811
event-disjoint target,scratch_mlp,MLP scratch,0.02,100,8,0.0,0.0,0.0202304121376811,0.0202304121376811,4.753424308822899,0.0,0.0202304121376811,True,0.0202304121376811
event-disjoint target,scratch_mlp,MLP scratch,0.03,1,8,0.0,0.0,0.0077915534420289,0.0077915534420289,4.753424308822899,0.0,0.0077915534420289,True,0.0077915534420289
event-disjoint target,scratch_mlp,MLP scratch,0.03,2,8,0.0,0.0,0.0077915534420289,0.0077915534420289,4.753424308822899,0.0,0.0077915534420289,True,0.0077915534420289
event-disjoint target,scratch_mlp,MLP scratch,0.03,5,8,0.0,0.0,0.0077915534420289,0.0077915534420289,4.753424308822899,0.0,0.0077915534420289,True,0.0077915534420289
event-disjoint target,scratch_mlp,MLP scratch,0.03,10,8,0.0,0.0,0.0077915534420289,0.0077915534420289,4.753424308822899,0.0,0.0077915534420289,True,0.0077915534420289
event-disjoint target,scratch_mlp,MLP scratch,0.03,25,8,0.0,0.0,0.0077915534420289,0.0077915534420289,4.753424308822899,0.0,0.0077915534420289,True,0.0077915534420289
event-disjoint target,scratch_mlp,MLP scratch,0.03,50,8,0.0,0.0,0.0077915534420289,0.0077915534420289,4.753424308822899,0.0,0.0077915534420289,True,0.0077915534420289
event-disjoint target,scratch_mlp,MLP scratch,0.03,100,8,0.0,0.0,0.0077915534420289,0.0077915534420289,4.753424308822899,0.0,0.0077915534420289,True,0.0077915534420289
event-disjoint target,scratch_mlp,MLP scratch,0.04,1,8,0.0,0.0,0.003422214673913,0.003422214673913,4.753424308822899,0.0,0.003422214673913,True,0.003422214673913
event-disjoint target,scratch_mlp,MLP scratch,0.04,2,8,0.0,0.0,0.003422214673913,0.003422214673913,4.753424308822899,0.0,0.003422214673913,True,0.003422214673913
event-disjoint target,scratch_mlp,MLP scratch,0.04,5,8,0.0,0.0,0.003422214673913,0.003422214673913,4.753424308822899,0.0,0.003422214673913,True,0.003422214673913
event-disjoint target,scratch_mlp,MLP scratch,0.04,10,8,0.0,0.0,0.003422214673913,0.003422214673913,4.753424308822899,0.0,0.003422214673913,True,0.003422214673913
event-disjoint target,scratch_mlp,MLP scratch,0.04,25,8,0.0,0.0,0.003422214673913,0.003422214673913,4.753424308822899,0.0,0.003422214673913,True,0.003422214673913
event-disjoint target,scratch_mlp,MLP scratch,0.04,50,8,0.0,0.0,0.003422214673913,0.003422214673913,4.753424308822899,0.0,0.003422214673913,True,0.003422214673913
event-disjoint target,scratch_mlp,MLP scratch,0.04,100,8,0.0,0.0,0.003422214673913,0.003422214673913,4.753424308822899,0.0,0.003422214673913,True,0.003422214673913
event-disjoint target,xgb_direct,XGB direct,0.005,1,8,0.0677083333333333,0.0019752038043478,0.0484284420289855,0.0504036458333333,2.625534802696099,0.0043256482110507,0.0484284420289855,True,0.11416157155797099
event-disjoint target,xgb_direct,XGB direct,0.005,2,8,0.0677083333333333,0.0019752038043478,0.0484284420289855,0.0523788496376811,2.625534802696099,0.0043256482110507,0.0484284420289855,True,0.11416157155797099
event-disjoint target,xgb_direct,XGB direct,0.005,5,8,0.0677083333333333,0.0019752038043478,0.0484284420289855,0.0583044610507246,2.625534802696099,0.0043256482110507,0.0484284420289855,True,0.11416157155797099
event-disjoint target,xgb_direct,XGB direct,0.005,10,8,0.0677083333333333,0.0019752038043478,0.0484284420289855,0.0681804800724637,2.625534802696099,0.0043256482110507,0.0484284420289855,True,0.11416157155797099
event-disjoint target,xgb_direct,XGB direct,0.005,25,8,0.0677083333333333,0.0019752038043478,0.0484284420289855,0.0978085371376811,2.625534802696099,0.0043256482110507,0.0484284420289855,True,0.11416157155797099
event-disjoint target,xgb_direct,XGB direct,0.005,50,8,0.0677083333333333,0.0019752038043478,0.0484284420289855,0.1471886322463768,2.625534802696099,0.0043256482110507,0.0484284420289855,True,0.11416157155797099
event-disjoint target,xgb_direct,XGB direct,0.005,100,8,0.0677083333333333,0.0019752038043478,0.0484284420289855,0.2459488224637681,2.625534802696099,0.0043256482110507,0.0484284420289855,True,0.11416157155797099
event-disjoint target,xgb_direct,XGB direct,0.0075,1,8,0.0354959239130434,0.0044055706521739,0.0221320199275362,0.0265375905797101,2.360903602362842,0.009115234375,0.0221320199275362,False,0.053222373188405704
event-disjoint target,xgb_direct,XGB direct,0.0075,2,8,0.0354959239130434,0.0044055706521739,0.0221320199275362,0.030943161231884,2.360903602362842,0.009115234375,0.0221320199275362,False,0.053222373188405704
event-disjoint target,xgb_direct,XGB direct,0.0075,5,8,0.0354959239130434,0.0044055706521739,0.0221320199275362,0.0441598731884057,2.360903602362842,0.009115234375,0.0221320199275362,False,0.053222373188405704
event-disjoint target,xgb_direct,XGB direct,0.0075,10,8,0.0354959239130434,0.0044055706521739,0.0221320199275362,0.0661877264492753,2.360903602362842,0.009115234375,0.0221320199275362,False,0.053222373188405704
event-disjoint target,xgb_direct,XGB direct,0.0075,25,8,0.0354959239130434,0.0044055706521739,0.0221320199275362,0.132271286231884,2.360903602362842,0.009115234375,0.0221320199275362,False,0.053222373188405704
event-disjoint target,xgb_direct,XGB direct,0.0075,50,8,0.0354959239130434,0.0044055706521739,0.0221320199275362,0.2424105525362319,2.360903602362842,0.009115234375,0.0221320199275362,False,0.053222373188405704
event-disjoint target,xgb_direct,XGB direct,0.0075,100,8,0.0354959239130434,0.0044055706521739,0.0221320199275362,0.4626890851449275,2.360903602362842,0.009115234375,0.0221320199275362,False,0.053222373188405704
event-disjoint target,xgb_direct,XGB direct,0.01,1,8,0.0178442028985507,0.004714107789855,0.0165721240942029,0.0212862318840579,2.294303044515658,0.0108865489130434,0.0165721240942029,False,0.0297022192028986
event-disjoint target,xgb_direct,XGB direct,0.01,2,8,0.0178442028985507,0.004714107789855,0.0165721240942029,0.026000339673913,2.294303044515658,0.0108865489130434,0.0165721240942029,False,0.0297022192028986
event-disjoint target,xgb_direct,XGB direct,0.01,5,8,0.0178442028985507,0.004714107789855,0.0165721240942029,0.0401426630434782,2.294303044515658,0.0108865489130434,0.0165721240942029,False,0.0297022192028986
event-disjoint target,xgb_direct,XGB direct,0.01,10,8,0.0178442028985507,0.004714107789855,0.0165721240942029,0.0637132019927536,2.294303044515658,0.0108865489130434,0.0165721240942029,False,0.0297022192028986
event-disjoint target,xgb_direct,XGB direct,0.01,25,8,0.0178442028985507,0.004714107789855,0.0165721240942029,0.1344248188405797,2.294303044515658,0.0108865489130434,0.0165721240942029,False,0.0297022192028986
event-disjoint target,xgb_direct,XGB direct,0.01,50,8,0.0178442028985507,0.004714107789855,0.0165721240942029,0.2522775135869565,2.294303044515658,0.0108865489130434,0.0165721240942029,False,0.0297022192028986
event-disjoint target,xgb_direct,XGB direct,0.01,100,8,0.0178442028985507,0.004714107789855,0.0165721240942029,0.4879829030797101,2.294303044515658,0.0108865489130434,0.0165721240942029,False,0.0297022192028986
event-disjoint target,xgb_direct,XGB direct,0.015,1,8,0.0029211956521739,0.0010026041666666,0.013731884057971,0.0147344882246376,2.80203572448432,0.0025390624999999,0.013731884057971,True,0.0156504755434783
event-disjoint target,xgb_direct,XGB direct,0.015,2,8,0.0029211956521739,0.0010026041666666,0.013731884057971,0.0157370923913043,2.80203572448432,0.0025390624999999,0.013731884057971,True,0.0156504755434783
event-disjoint target,xgb_direct,XGB direct,0.015,5,8,0.0029211956521739,0.0010026041666666,0.013731884057971,0.0187449048913043,2.80203572448432,0.0025390624999999,0.013731884057971,True,0.0156504755434783
event-disjoint target,xgb_direct,XGB direct,0.015,10,8,0.0029211956521739,0.0010026041666666,0.013731884057971,0.0237579257246376,2.80203572448432,0.0025390624999999,0.013731884057971,True,0.0156504755434783
event-disjoint target,xgb_direct,XGB direct,0.015,25,8,0.0029211956521739,0.0010026041666666,0.013731884057971,0.0387969882246376,2.80203572448432,0.0025390624999999,0.013731884057971,True,0.0156504755434783
event-disjoint target,xgb_direct,XGB direct,0.015,50,8,0.0029211956521739,0.0010026041666666,0.013731884057971,0.0638620923913043,2.80203572448432,0.0025390624999999,0.013731884057971,True,0.0156504755434783
event-disjoint target,xgb_direct,XGB direct,0.015,100,8,0.0029211956521739,0.0010026041666666,0.013731884057971,0.1139923007246376,2.80203572448432,0.0025390624999999,0.013731884057971,True,0.0156504755434783
event-disjoint target,xgb_direct,XGB direct,0.02,1,8,0.0,0.0,0.0085439311594202,0.0085439311594202,4.753424308822899,0.0,0.0085439311594202,True,0.0085439311594202
event-disjoint target,xgb_direct,XGB direct,0.02,2,8,0.0,0.0,0.0085439311594202,0.0085439311594202,4.753424308822899,0.0,0.0085439311594202,True,0.0085439311594202
event-disjoint target,xgb_direct,XGB direct,0.02,5,8,0.0,0.0,0.0085439311594202,0.0085439311594202,4.753424308822899,0.0,0.0085439311594202,True,0.0085439311594202
event-disjoint target,xgb_direct,XGB direct,0.02,10,8,0.0,0.0,0.0085439311594202,0.0085439311594202,4.753424308822899,0.0,0.0085439311594202,True,0.0085439311594202
event-disjoint target,xgb_direct,XGB direct,0.02,25,8,0.0,0.0,0.0085439311594202,0.0085439311594202,4.753424308822899,0.0,0.0085439311594202,True,0.0085439311594202
event-disjoint target,xgb_direct,XGB direct,0.02,50,8,0.0,0.0,0.0085439311594202,0.0085439311594202,4.753424308822899,0.0,0.0085439311594202,True,0.0085439311594202
event-disjoint target,xgb_direct,XGB direct,0.02,100,8,0.0,0.0,0.0085439311594202,0.0085439311594202,4.753424308822899,0.0,0.0085439311594202,True,0.0085439311594202
event-disjoint target,xgb_direct,XGB direct,0.03,1,8,0.0,0.0,0.0003396739130434,0.0003396739130434,4.753424308822899,0.0,0.0003396739130434,True,0.0003396739130434
event-disjoint target,xgb_direct,XGB direct,0.03,2,8,0.0,0.0,0.0003396739130434,0.0003396739130434,4.753424308822899,0.0,0.0003396739130434,True,0.0003396739130434
event-disjoint target,xgb_direct,XGB direct,0.03,5,8,0.0,0.0,0.0003396739130434,0.0003396739130434,4.753424308822899,0.0,0.0003396739130434,True,0.0003396739130434
event-disjoint target,xgb_direct,XGB direct,0.03,10,8,0.0,0.0,0.0003396739130434,0.0003396739130434,4.753424308822899,0.0,0.0003396739130434,True,0.0003396739130434
event-disjoint target,xgb_direct,XGB direct,0.03,25,8,0.0,0.0,0.0003396739130434,0.0003396739130434,4.753424308822899,0.0,0.0003396739130434,True,0.0003396739130434
event-disjoint target,xgb_direct,XGB direct,0.03,50,8,0.0,0.0,0.0003396739130434,0.0003396739130434,4.753424308822899,0.0,0.0003396739130434,True,0.0003396739130434
event-disjoint target,xgb_direct,XGB direct,0.03,100,8,0.0,0.0,0.0003396739130434,0.0003396739130434,4.753424308822899,0.0,0.0003396739130434,True,0.0003396739130434
event-disjoint target,xgb_direct,XGB direct,0.04,1,8,0.0,0.0,0.0,0.0,4.753424308822899,0.0,0.0,True,0.0
event-disjoint target,xgb_direct,XGB direct,0.04,2,8,0.0,0.0,0.0,0.0,4.753424308822899,0.0,0.0,True,0.0
event-disjoint target,xgb_direct,XGB direct,0.04,5,8,0.0,0.0,0.0,0.0,4.753424308822899,0.0,0.0,True,0.0
event-disjoint target,xgb_direct,XGB direct,0.04,10,8,0.0,0.0,0.0,0.0,4.753424308822899,0.0,0.0,True,0.0
event-disjoint target,xgb_direct,XGB direct,0.04,25,8,0.0,0.0,0.0,0.0,4.753424308822899,0.0,0.0,True,0.0
event-disjoint target,xgb_direct,XGB direct,0.04,50,8,0.0,0.0,0.0,0.0,4.753424308822899,0.0,0.0,True,0.0
event-disjoint target,xgb_direct,XGB direct,0.04,100,8,0.0,0.0,0.0,0.0,4.753424308822899,0.0,0.0,True,0.0
